,City,Lat,Lng,Max Temp,Humidity,Cloudiness,Wind Speed,Country,Date
0,cherskiy,68.75,161.3,-6.97,79,79,3.71,RU,1612592218
1,rikitea,-23.1203,-134.9692,77.58,75,23,16.49,PF,1612592219
2,port blair,11.6667,92.75,83.03,64,0,12.1,IN,1612592219
3,punta arenas,-53.15,-70.9167,44.6,65,40,8.05,CL,1612592220
4,tautira,-17.7333,-149.15,80.6,69,40,3.44,PF,1612591631
5,butaritari,3.0707,172.7902,79.41,87,99,17.29,KI,1612592221
6,severo-kurilsk,50.6789,156.125,16.39,83,54,11.36,RU,1612592198
7,ushuaia,-54.8,-68.3,41.0,87,40,20.71,AR,1612592194
8,agadez,19.75,10.25,56.97,34,0,6.6,NE,1612592223
9,aklavik,68.2191,-135.0107,-18.4,76,28,3.44,CA,1612592224
10,kapaa,22.0752,-159.319,64.4,72,1,8.05,US,1612591996
11,lasa,46.6166,10.7002,39.0,93,90,5.75,IT,1612592225
12,atar,20.5169,-13.0499,52.03,72,100,7.02,MR,1612592171
13,busselton,-33.65,115.3333,69.01,57,100,1.01,AU,1612592225
14,juneau,58.3019,-134.4197,28.0,80,90,4.97,US,1612592044
15,faya,18.3851,42.4509,55.4,76,75,9.22,SA,1612592226
16,zonguldak,41.25,31.8333,44.67,59,47,5.97,TR,1612592226
17,carnarvon,-24.8667,113.6333,86.0,100,89,24.16,AU,1612592227
18,caravelas,-17.7125,-39.2481,78.87,80,100,11.79,BR,1612591958
19,yichang,30.7144,111.2847,57.0,62,12,3.0,CN,1612592227
20,cape town,-33.9258,18.4232,72.0,88,40,16.11,ZA,1612592228
21,east london,-33.0153,27.9116,73.4,94,90,5.75,ZA,1612592229
22,kenai,60.5544,-151.2583,14.0,92,20,2.8,US,1612592229
23,buin,-33.7333,-70.75,66.0,94,0,8.05,CL,1612592229
24,cidreira,-30.1811,-50.2056,65.84,78,11,9.93,BR,1612592230
25,jamestown,42.097,-79.2353,21.0,93,90,12.66,US,1612592230
26,codrington,-38.2667,141.9667,68.99,57,3,21.63,AU,1612592230
27,ambon,-3.6954,128.1814,89.6,58,40,10.36,ID,1612592071
28,cayenne,4.9333,-52.3333,78.8,89,90,8.05,GF,1612592231
29,mehamn,71.0357,27.8492,25.74,92,99,17.81,NO,1612592231
30,bluff,-46.6,168.3333,59.0,81,26,10.36,NZ,1612592232
31,cabo san lucas,22.8909,-109.9124,64.99,44,10,5.53,MX,1612591957
32,ouallam,14.3188,2.0866,68.61,22,6,11.45,NE,1612592232
33,provideniya,64.3833,-173.3,9.37,93,98,3.42,RU,1612592232
34,saint-philippe,-21.3585,55.7679,86.0,62,0,6.91,RE,1612592124
35,manavalakurichi,8.1333,77.3,87.8,58,20,3.44,IN,1612592233
36,mataura,-46.1927,168.8643,70.84,55,46,4.07,NZ,1612592233
37,albany,42.6001,-73.9662,30.2,80,75,9.22,US,1612592234
38,vila franca do campo,37.7167,-25.4333,57.2,82,75,8.05,PT,1612592234
39,dingle,10.9995,122.6711,85.15,69,52,14.07,PH,1612592234
40,gewane,10.1664,40.6453,71.87,59,19,5.06,ET,1612592235
41,pisco,-13.7,-76.2167,69.8,94,0,3.44,PE,1612592235
42,makaha,21.4694,-158.2175,68.0,82,1,7.23,US,1612592235
43,shimoda,34.6667,138.95,60.8,48,0,18.41,JP,1612592235
44,beira,-19.8436,34.8389,84.2,89,75,8.05,MZ,1612592236
45,visnes,59.3556,5.2242,26.01,63,4,10.36,NO,1612592236
46,kavaratti,10.5669,72.642,80.49,76,30,14.0,IN,1612592236
47,bengkulu,-3.8004,102.2655,86.13,62,62,10.6,ID,1612592236
48,ponta do sol,32.6667,-17.1,52.0,68,57,1.99,PT,1612592236
49,atuona,-9.8,-139.0333,79.59,81,62,21.56,PF,1612592198
50,puerto ayora,-0.7393,-90.3518,75.0,96,12,8.34,EC,1612592237
51,bredasdorp,-34.5322,20.0403,64.4,94,0,1.14,ZA,1612592237
52,ribeira grande,38.5167,-28.7,59.43,83,100,16.4,PT,1612592237
53,vaini,-21.2,-175.2,78.8,100,75,4.61,TO,1612592237
54,nizhniy odes,63.6445,54.856,-12.44,89,100,12.53,RU,1612592238
55,talnakh,69.4865,88.3972,-26.73,82,25,5.08,RU,1612592238
56,hermanus,-34.4187,19.2345,66.99,92,3,3.53,ZA,1612591995
57,belmonte,-15.8631,-38.8828,78.8,83,75,10.36,BR,1612592239
58,constitucion,-35.3333,-72.4167,55.85,88,2,1.81,CL,1612592003
59,bilma,18.6853,12.9164,59.07,33,17,7.56,NE,1612592239
60,kahului,20.8947,-156.47,69.8,73,40,3.44,US,1612592239
61,imeni poliny osipenko,52.4201,136.4853,-4.11,90,100,5.39,RU,1612592239
62,saint george,37.1041,-113.5841,46.4,36,1,5.75,US,1612591982
63,dikson,73.5069,80.5464,-29.06,85,64,10.04,RU,1612592240
64,port augusta,-32.5,137.7667,78.01,64,40,20.71,AU,1612592240
65,santa clara,22.4,-79.9667,68.0,94,40,4.61,CU,1612592241
66,innisfail,-17.5333,146.0333,85.12,72,74,9.4,AU,1612592241
67,port elizabeth,-33.918,25.5701,71.6,88,75,8.05,ZA,1612592241
68,tasiilaq,65.6145,-37.6368,24.8,63,20,10.36,GL,1612592241
69,barrow,71.2906,-156.7887,-5.8,77,90,6.91,US,1612592241
70,mawlaik,23.6333,94.4167,87.46,23,0,2.66,MM,1612592234
71,morant bay,17.8815,-76.4093,80.6,74,20,14.97,JM,1612592242
72,egvekinot,66.3167,-179.1667,-7.96,93,100,11.3,RU,1612592242
73,intipuca,13.1969,-88.0544,72.61,71,63,3.2,SV,1612592242
74,mishkino,55.3389,63.9175,34.83,99,100,18.48,RU,1612592242
75,mokolo,10.7398,13.8019,61.48,29,9,5.7,CM,1612592243
76,tuatapere,-46.1333,167.6833,62.58,70,27,6.29,NZ,1612592243
77,new norfolk,-42.7826,147.0587,73.0,57,56,4.0,AU,1612592243
78,tiksi,71.6872,128.8694,-18.58,88,100,3.04,RU,1612592243
79,parabel,58.6978,81.4825,19.8,97,100,10.0,RU,1612592244
80,san angelo,31.4638,-100.437,46.99,61,1,5.75,US,1612592204
81,castro,-24.7911,-50.0119,54.72,87,3,2.39,BR,1612592244
82,coihaique,-45.5752,-72.0662,62.6,55,0,8.05,CL,1612592245
83,oranjestad,12.524,-70.027,78.8,83,40,14.97,AW,1612592246
84,hobart,-42.8794,147.3294,73.4,43,40,17.27,AU,1612592107
85,ilulissat,69.2167,-51.1,12.2,28,100,6.91,GL,1612592247
86,georgetown,5.4112,100.3354,91.4,52,20,8.05,MY,1612592218
87,roros,62.5747,11.3842,-20.2,69,0,1.39,NO,1612592248
88,nalut,30.3333,10.85,56.75,36,91,12.66,LY,1612592249
89,trincomalee,8.5711,81.2335,79.48,80,93,13.31,LK,1612592249
90,vardo,70.3705,31.1107,27.79,92,99,25.59,NO,1612592249
91,lichinga,-13.3128,35.2406,69.01,88,75,10.36,MZ,1612592250
92,hasaki,35.7333,140.8333,62.01,29,20,4.61,JP,1612592113
93,narvik,68.4384,17.4272,26.6,74,75,4.61,NO,1612592250
94,zhigansk,66.7697,123.3711,-37.79,78,36,5.99,RU,1612592195
95,bathsheba,13.2167,-59.5167,77.0,61,40,24.16,BB,1612592251
96,alofi,-19.0595,-169.9187,78.8,83,100,4.61,NU,1612592251
97,avarua,-21.2078,-159.775,80.6,78,20,2.3,CK,1612592251
98,hilo,19.7297,-155.09,71.6,68,75,6.06,US,1612592232
99,port hardy,50.6996,-127.4199,42.8,87,90,5.75,CA,1612592252
100,sterling,39.0062,-77.4286,30.99,69,1,4.61,US,1612592253
101,redmond,47.674,-122.1215,46.0,84,95,5.79,US,1612592083
102,longyearbyen,78.2186,15.6401,21.2,79,40,13.8,SJ,1612592253
103,urumqi,43.801,87.6005,15.8,92,90,2.24,CN,1612592254
104,sao sebastiao,-23.76,-45.4097,72.12,82,58,2.48,BR,1612592254
105,tessalit,20.1986,1.0114,69.82,20,100,15.5,ML,1612592255
106,muros,42.7762,-9.0603,50.0,81,95,5.99,ES,1612592255
107,qaanaaq,77.484,-69.3632,0.32,79,100,7.36,GL,1612592255
108,tynda,55.1667,124.7167,-8.59,85,100,4.99,RU,1612592256
109,tuktoyaktuk,69.4541,-133.0374,-27.4,75,1,6.91,CA,1612592256
110,elko,41.0002,-115.5012,32.0,75,39,6.93,US,1612592108
111,guerrero negro,27.9769,-114.0611,59.04,74,1,12.62,MX,1612592256
112,namibe,-15.1961,12.1522,69.91,81,67,5.39,AO,1612592256
113,hami,42.8,93.45,40.26,57,2,3.53,CN,1612592257
114,fort nelson,58.8053,-122.7002,-25.6,75,75,2.3,CA,1612592011
115,cayambe,0.05,-78.1333,57.2,88,75,2.3,EC,1612592257
116,khatanga,71.9667,102.5,-34.62,79,1,5.3,RU,1612592257
117,lebu,-37.6167,-73.65,58.32,94,72,2.37,CL,1612592258
118,touros,-5.1989,-35.4608,73.4,88,20,6.91,BR,1612592258
119,hithadhoo,-0.6,73.0833,82.69,76,90,16.31,MV,1612591993
120,atasu,48.6814,71.6433,27.68,95,24,6.8,KZ,1612592258
121,chokurdakh,70.6333,147.9167,-21.23,85,0,10.74,RU,1612592259
122,teguise,29.0605,-13.564,55.4,71,20,6.91,ES,1612592259
123,mapiri,-15.25,-68.1667,66.58,85,42,1.14,BO,1612592260
124,kungurtug,50.5994,97.5228,10.78,87,89,1.97,RU,1612592260
125,kurduvadi,18.0833,75.4333,79.88,28,17,4.21,IN,1612592260
126,muli,2.9167,73.5667,82.47,71,100,12.26,MV,1612592261
127,norman wells,65.282,-126.8329,-43.6,66,20,2.3,CA,1612592261
128,adrar,20.5022,-10.0711,54.32,59,95,9.62,MR,1612592261
129,beloha,-25.1667,45.05,87.24,55,86,6.38,MG,1612592262
130,mahibadhoo,3.7833,72.9667,82.29,71,100,11.54,MV,1612592262
131,nikolskoye,59.7035,30.7861,10.99,79,75,11.18,RU,1612592262
132,kalmunai,7.4167,81.8167,80.6,82,82,12.86,LK,1612592262
133,saskylakh,71.9167,114.0833,-35.18,82,74,3.71,RU,1612592263
134,puerto baquerizo moreno,-0.9,-89.6,76.26,88,33,8.81,EC,1612592141
135,cockburn town,21.4612,-71.1419,77.41,82,2,19.51,TC,1612592232
136,mogzon,51.7435,111.9606,5.49,86,65,9.78,RU,1612592264
137,kanigiri,15.4,79.5167,83.01,37,11,7.0,IN,1612592264
138,portland,45.5234,-122.6762,46.4,76,75,3.44,US,1612591970
139,mumford,5.2618,-0.759,79.27,89,68,9.93,GH,1612592264
140,yulara,-25.2406,130.9889,91.4,19,61,8.05,AU,1612592265
141,vao,-22.6667,167.4833,78.64,84,0,9.53,NC,1612592265
142,la libertad,-2.2333,-80.9,76.6,80,97,6.62,EC,1612592265
143,norrtalje,59.758,18.705,21.0,85,98,4.0,SE,1612592266
144,vallenar,-28.5708,-70.7581,60.04,71,0,2.64,CL,1612592266
145,namatanai,-3.6667,152.4333,80.01,79,100,2.21,PG,1612592266
146,saldanha,-33.0117,17.9442,66.2,88,1,13.8,ZA,1612592267
147,hamilton,39.1834,-84.5333,32.0,86,45,8.25,US,1612592075
148,urucui,-7.2294,-44.5561,74.14,88,95,4.29,BR,1612592267
149,najran,17.4924,44.1277,75.2,29,0,11.97,SA,1612592267
150,burnie,-41.0667,145.9167,64.0,85,48,5.01,AU,1612592267
151,illapel,-31.6308,-71.1653,61.7,69,0,1.57,CL,1612592268
152,esperance,-33.8667,121.9,66.2,72,90,14.97,AU,1612592269
153,abu zabad,12.35,29.25,61.25,32,20,23.62,SD,1612592269
154,kongoussi,13.3258,-1.5347,71.01,22,97,7.43,BF,1612592269
155,dunedin,-45.8742,170.5036,62.01,74,13,5.99,NZ,1612592124
156,yerbogachen,61.2767,108.0108,0.79,92,100,4.59,RU,1612592270
157,ishigaki,24.3448,124.1572,75.2,57,20,9.22,JP,1612592270
158,manitouwadge,49.1215,-85.8403,-0.4,78,100,3.44,CA,1612592270
159,boffa,10.1667,-14.0333,68.11,71,78,5.37,GN,1612592270
160,lorengau,-2.0226,147.2712,82.96,75,84,7.56,PG,1612592271
161,zyryanka,65.75,150.85,-22.32,85,9,5.37,RU,1612592271
162,ambulu,-8.345,113.6058,87.17,65,36,5.79,ID,1612592271
163,chuy,-33.6971,-53.4616,58.23,92,2,6.49,UY,1612592272
164,gariaband,20.635,82.0614,80.6,26,38,2.3,IN,1612592272
165,svetlaya,46.5389,138.3297,18.46,87,36,2.73,RU,1612592272
166,tabas,33.5959,56.9244,57.2,19,51,2.3,IR,1612592272
167,khani,41.9563,42.9566,46.4,87,90,6.91,GE,1612592272
168,tambopata,-12.7333,-69.1833,71.94,98,23,0.98,PE,1612592273
169,mulchen,-37.7167,-72.2333,60.51,83,0,2.3,CL,1612592273
170,roald,62.5833,6.1333,24.8,63,0,9.22,NO,1612592273
171,mahebourg,-20.4081,57.7,82.4,78,40,9.22,MU,1612592273
172,vostok,46.4856,135.8833,7.09,93,100,5.41,RU,1612592273
173,port alfred,-33.5906,26.891,73.0,91,98,14.2,ZA,1612592274
174,coahuayana,18.7333,-103.6833,73.67,81,57,2.08,MX,1612592274
175,kabinda,-6.1333,24.4833,69.91,96,100,4.94,CD,1612592274
176,vila,42.0304,-8.1588,45.0,88,100,8.77,PT,1612592247
177,puerto cabezas,14.0351,-83.3888,76.35,88,88,1.48,NI,1612592274
178,awbari,26.5921,12.7805,53.17,41,18,12.12,LY,1612592274
179,poum,-20.2333,164.0167,80.4,68,3,6.69,NC,1612592275
180,sao filipe,14.8961,-24.4956,69.3,74,14,14.14,CV,1612592275
181,alpena,45.0617,-83.4327,12.99,73,90,10.36,US,1612592242
182,jamalpur,24.9167,89.9333,80.42,27,0,5.44,BD,1612592275
183,bhatkal,13.9667,74.5667,84.76,40,0,6.44,IN,1612592276
184,port lincoln,-34.7333,135.8667,66.97,66,85,18.12,AU,1612592276
185,leningradskiy,69.3833,178.4167,-8.93,87,100,7.78,RU,1612592276
186,honningsvag,70.9821,25.9704,28.62,92,100,20.22,NO,1612592276
187,beringovskiy,63.05,179.3167,-11.16,86,38,5.79,RU,1612592276
188,hambantota,6.1241,81.1185,84.2,79,75,4.61,LK,1612592277
189,narsaq,60.9167,-46.05,14.0,57,0,3.44,GL,1612592277
190,hofn,64.2539,-15.2082,36.82,79,100,15.01,IS,1612592278
191,lompoc,34.6391,-120.4579,46.4,93,1,9.22,US,1612592270
192,port hedland,-20.3167,118.5667,89.6,62,75,16.11,AU,1612592278
193,thompson,55.7435,-97.8558,-27.4,68,40,10.36,CA,1612591993
194,micheweni,-4.9667,39.8333,82.76,68,25,6.42,TZ,1612592278
195,mykolayiv,46.9659,31.9974,24.8,93,75,6.71,UA,1612592279
196,merauke,-8.4667,140.3333,85.91,73,58,19.08,ID,1612592279
197,taoudenni,22.6783,-3.9836,65.12,31,95,8.03,ML,1612592279
198,jaffna,9.6685,80.0074,79.97,71,58,11.32,LK,1612592247
199,gerash,27.6652,54.1371,57.2,38,0,4.72,IR,1612592280
200,almaznyy,48.0448,40.045,21.2,73,40,11.18,RU,1612592280
201,bethel,41.3712,-73.414,35.01,47,1,17.27,US,1612592281
202,montanha,-18.1269,-40.3633,74.82,89,100,8.28,BR,1612592282
203,fairbanks,64.8378,-147.7164,-11.2,77,75,2.39,US,1612592070
204,tezu,27.9167,96.1667,82.69,14,0,4.47,IN,1612592283
205,kruisfontein,-34.0033,24.7314,73.99,79,31,1.01,ZA,1612592284
206,orlik,52.5178,99.825,3.99,81,86,1.16,RU,1612592284
207,nortelandia,-14.4547,-56.8028,73.4,90,95,1.28,BR,1612592285
208,rio gallegos,-51.6226,-69.2181,41.0,70,0,6.91,AR,1612592286
209,torbay,47.6666,-52.7314,35.01,93,90,26.46,CA,1612592286
210,salekhard,66.53,66.6019,-23.55,83,80,16.91,RU,1612592287
211,bonthe,7.5264,-12.505,74.98,84,11,5.19,SL,1612592288
212,margate,51.3813,1.3862,44.01,92,62,7.99,GB,1612592288
213,biak,-0.9131,122.8766,82.22,75,100,2.66,ID,1612592289
214,karratha,-20.7377,116.8463,84.83,61,28,16.35,AU,1612592290
215,okhotsk,59.3833,143.3,5.22,93,99,7.23,RU,1612592290
216,keetmanshoop,-26.5833,18.1333,73.4,40,0,4.61,NA,1612592291
217,omboue,-1.5746,9.2618,78.8,90,99,6.73,GA,1612592292
218,belogorsk,50.9158,128.4611,-10.41,88,97,6.58,RU,1612592292
219,san quintin,30.4833,-115.95,56.71,84,26,8.01,MX,1612592292
220,tokur,53.1333,132.9,-11.88,88,100,3.74,RU,1612592292
221,moron,-34.6534,-58.6198,69.01,84,0,4.92,AR,1612592293
222,mar del plata,-38.0023,-57.5575,72.0,77,0,12.66,AR,1612592112
223,nizhniy tsasuchey,50.5167,115.1333,6.57,85,0,11.59,RU,1612592138
224,upernavik,72.7868,-56.1549,10.53,74,100,6.2,GL,1612592294
225,yellowknife,62.456,-114.3525,-40.0,74,20,4.61,CA,1612592294
226,ostrovnoy,68.0531,39.5131,21.06,92,100,10.63,RU,1612592294
227,sao joao da barra,-21.6403,-41.0511,75.43,90,100,15.64,BR,1612592294
228,kutum,14.2,24.6667,48.74,48,66,12.77,SD,1612592295
229,arraial do cabo,-22.9661,-42.0278,74.19,95,100,9.84,BR,1612592295
230,santiago del estero,-27.7951,-64.2615,63.0,85,8,5.41,AR,1612592295
231,heilbron,-27.2812,27.9709,63.39,92,98,12.71,ZA,1612592295
232,lerwick,60.1545,-1.1494,33.8,60,90,23.02,GB,1612592295
233,banjar,-8.19,114.9675,84.2,79,20,5.75,ID,1612592296
234,nampula,-15.1165,39.2666,82.4,69,75,0.31,MZ,1612592296
235,auki,-8.7676,160.7034,82.94,74,100,9.31,SB,1612592296
236,kodiak,57.79,-152.4072,37.4,44,1,16.11,US,1612592297
237,sitka,57.0531,-135.33,35.6,87,90,3.44,US,1612592297
238,blackfoot,43.1905,-112.345,32.0,78,8,7.52,US,1612592297
239,rawson,-43.3002,-65.1023,60.75,70,0,13.38,AR,1612592297
240,high level,58.5169,-117.136,-23.8,76,75,3.44,CA,1612592282
241,cabedelo,-6.9811,-34.8339,73.4,94,20,2.3,BR,1612592298
242,uberaba,-19.7483,-47.9319,67.19,95,30,3.8,BR,1612592298
243,tazmalt,36.3868,4.3989,55.27,40,0,8.46,DZ,1612592298
244,kesova gora,57.5836,37.2922,-0.31,92,100,9.89,RU,1612592298
245,aksu,41.1231,80.2644,41.83,53,51,3.42,CN,1612592299
246,wadi musa,30.3222,35.4793,47.57,83,86,4.07,JO,1612592299
247,san jeronimo,-11.9472,-75.2829,52.18,74,100,1.05,PE,1612592299
248,reyes,-14.3167,-67.3833,72.55,87,68,1.97,BO,1612592299
249,yar-sale,66.8333,70.8333,-21.71,87,98,13.27,RU,1612592300
250,umtata,-31.5889,28.7844,69.8,83,90,2.3,ZA,1612592300
251,szeged,46.253,20.1482,42.01,99,89,6.69,HU,1612592034
252,warrington,53.3925,-2.5802,41.0,100,20,5.12,GB,1612592300
253,bosaso,11.2842,49.1816,75.2,69,0,11.5,SO,1612592300
254,itarema,-2.9248,-39.9167,77.67,82,46,10.33,BR,1612592301
255,waipawa,-41.4122,175.5153,64.0,82,96,14.97,NZ,1612592301
256,filadelfia,39.9523,-75.1638,37.4,44,1,9.22,US,1612592002
257,otorohanga,-38.1833,175.2,78.01,50,96,5.01,NZ,1612592301
258,kuytun,54.3419,101.5036,10.26,93,98,4.68,RU,1612592301
259,stillwater,36.1156,-97.0584,42.01,60,1,3.44,US,1612592221
260,laguna,38.421,-121.4238,48.2,76,1,3.44,US,1612592302
261,slave lake,55.2834,-114.769,-16.6,76,90,5.75,CA,1612592302
262,nuuk,64.1835,-51.7216,19.4,68,66,18.41,GL,1612592302
263,henties bay,-22.116,14.2845,66.0,88,56,1.99,NA,1612592302
264,nome,64.5011,-165.4064,24.8,100,90,8.05,US,1612592302
265,brigham city,41.5102,-112.0155,28.99,86,75,4.59,US,1612592303
266,belyy yar,53.6039,91.3903,17.6,67,87,2.24,RU,1612592303
267,nelson bay,-32.7167,152.15,73.0,100,90,8.05,AU,1612592303
268,labuhan,-6.8844,112.2051,83.26,79,43,19.28,ID,1612592303
269,kaeo,-35.1,173.7833,69.01,72,100,3.0,NZ,1612592266
270,kaitangata,-46.2817,169.8464,61.75,70,29,4.5,NZ,1612592303
271,san patricio,28.017,-97.5169,62.6,88,90,12.66,US,1612592304
272,luderitz,-26.6481,15.1594,70.7,51,0,20.51,NA,1612592304
273,zhanaozen,43.3,52.8,36.88,73,81,23.82,KZ,1612592211
274,kifri,34.6959,44.9661,58.03,70,100,11.65,IQ,1612592304
275,anloga,5.7947,0.8973,80.6,89,20,4.61,GH,1612592305
276,antalaha,-14.9003,50.2788,83.23,70,87,2.73,MG,1612592305
277,conselheiro pena,-19.1722,-41.4722,74.88,89,100,4.18,BR,1612592305
278,lavrentiya,65.5833,-171.0,2.91,91,100,10.07,RU,1612592305
279,vestmannaeyjar,63.4427,-20.2734,39.69,73,24,31.16,IS,1612592251
280,avera,33.194,-82.5271,46.4,66,90,3.44,US,1612592306
281,faanui,-16.4833,-151.75,81.54,65,1,5.03,PF,1612592306
282,dyersburg,36.0345,-89.3856,39.2,60,1,6.44,US,1612592296
283,santa marta,11.2408,-74.199,81.0,70,100,5.99,CO,1612592027
284,te anau,-45.4167,167.7167,75.09,45,17,2.44,NZ,1612592307
285,leshukonskoye,64.8989,45.7622,-9.17,88,97,10.4,RU,1612592307
286,show low,34.2542,-110.0298,32.0,64,1,5.7,US,1612592308
287,deputatskiy,69.3,139.9,-26.36,88,100,3.74,RU,1612592308
288,nguruka,-5.1092,31.0419,70.11,86,87,2.59,TZ,1612592308
289,souillac,-20.5167,57.5167,82.4,78,40,9.22,MU,1612592300
290,la romana,18.4273,-68.9728,75.2,94,75,7.61,DO,1612592309
291,kutahya,39.4242,29.9833,30.2,93,64,3.06,TR,1612592309
292,shima,24.4478,117.8111,77.0,53,0,6.71,CN,1612592309
293,biltine,14.5333,20.9167,60.58,30,51,13.67,TD,1612592309
294,dawson,31.7735,-84.4466,46.4,93,90,6.4,US,1612592017
295,basar,27.9833,94.6667,77.0,57,20,5.75,IN,1612592309
296,chapayeve,49.3662,35.8749,15.8,79,75,13.42,UA,1612592310
297,north bend,43.4065,-124.2243,46.0,100,90,5.08,US,1612592310
298,petropavlovsk-kamchatskiy,53.0452,158.6483,19.4,53,40,13.42,RU,1612592310
299,boljevac,43.8303,21.9531,43.0,6,25,2.33,RS,1612592311
300,kavieng,-2.5744,150.7967,81.1,77,100,1.83,PG,1612592311
301,saint-louis,16.3333,-15.0,61.25,62,96,12.82,SN,1612592311
302,caiaponia,-16.9567,-51.8103,70.65,92,89,2.68,BR,1612592311
303,mishan,45.55,131.8833,12.31,93,100,4.29,CN,1612592311
304,san cristobal,7.7669,-72.225,67.5,78,100,0.36,VE,1612592311
305,stokmarknes,68.5646,14.9108,30.99,78,100,3.0,NO,1612592312
306,riyadh,24.6877,46.7219,62.6,72,92,3.44,SA,1612592133
307,makaryev,57.8797,43.8069,-2.49,92,100,9.51,RU,1612592313
308,pevek,69.7008,170.3133,-11.18,86,100,3.11,RU,1612592313
309,ichinoseki,38.9167,141.1333,42.8,75,75,6.91,JP,1612592107
310,banda aceh,5.5577,95.3222,85.96,65,23,10.27,ID,1612592313
311,kovernino,57.1253,43.8142,-2.24,91,100,9.78,RU,1612592313
312,sault sainte marie,46.5168,-84.3333,10.4,72,75,13.8,CA,1612592167
313,havre,49.5833,0.3333,42.8,93,95,1.14,FR,1612592314
314,bullhead city,35.1478,-114.5683,57.2,28,1,7.63,US,1612592314
315,puerto penasco,31.3167,-113.5333,63.54,41,5,4.94,MX,1612592085
316,tsaratanana,-16.7833,47.65,81.01,66,100,3.02,MG,1612592314
317,ola,59.5833,151.2833,4.41,89,99,17.47,RU,1612592314
318,nagato,34.3833,131.2,57.2,62,20,6.91,JP,1612592315
319,iqaluit,63.7506,-68.5145,17.6,86,20,17.27,CA,1612592315
320,rosario,-32.9468,-60.6393,64.4,94,0,2.3,AR,1612592316
321,salinopolis,-0.6136,-47.3561,78.93,83,86,10.11,BR,1612592183
322,walvis bay,-22.9575,14.5053,66.0,94,27,5.75,NA,1612592316
323,rjukan,59.8789,8.5941,12.0,92,97,4.0,NO,1612592316
324,balkanabat,39.5108,54.3671,52.18,64,100,7.61,TM,1612592316
325,busayra,30.7376,35.6078,47.32,96,8,2.1,JO,1612592317
326,lethem,3.3803,-59.7968,75.78,77,46,11.32,GY,1612592317
327,kilindoni,-7.9139,39.6668,81.48,72,28,5.23,TZ,1612592317
328,sakaraha,-22.9,44.5333,82.02,68,89,1.1,MG,1612592318
329,mount gambier,-37.8333,140.7667,69.8,56,40,21.85,AU,1612592318
330,meadow lake,34.8014,-106.5436,44.6,31,40,13.8,US,1612592108
331,sorland,67.667,12.6934,34.99,84,100,28.41,NO,1612592319
332,boyuibe,-20.4167,-63.2833,65.17,70,85,1.77,BO,1612592319
333,salalah,17.0151,54.0924,77.0,57,40,6.91,OM,1612592128
334,xuddur,4.1213,43.8894,75.9,55,63,18.19,SO,1612592319
335,sistranda,63.7256,8.834,21.2,86,40,13.8,NO,1612592319
336,jiangyou,31.7667,104.7167,59.49,42,0,5.28,CN,1612592320
337,polson,47.6936,-114.1632,24.8,68,90,19.57,US,1612592320
338,francistown,-21.17,27.5079,73.4,88,75,8.05,BW,1612592321
339,borogontsy,62.6683,131.1683,-34.1,80,100,2.21,RU,1612592321
340,mimongo,-1.6195,11.6068,69.76,93,58,1.77,GA,1612592321
341,sorong,-0.8833,131.25,83.39,75,88,6.33,ID,1612592230
342,soeng sang,14.4264,102.4606,89.6,62,0,5.75,TH,1612592321
343,kanigoro,-8.13,112.219,83.73,73,94,12.26,ID,1612592321
344,aykhal,66.0,111.5,-29.07,81,47,3.96,RU,1612592321
345,dauphin,51.1494,-100.0502,-16.6,63,1,10.36,CA,1612592103
346,conceicao do araguaia,-8.2578,-49.2647,75.02,89,99,2.89,BR,1612592322
347,wellington,-41.2866,174.7756,64.0,82,100,14.97,NZ,1612592322
348,pitimbu,-7.4706,-34.8086,73.4,94,20,2.3,BR,1612592323
349,belluno,46.145,12.2214,48.0,90,96,1.88,IT,1612592323
350,tanout,14.9709,8.8879,56.26,36,0,12.24,NE,1612592323
351,nhulunbuy,-12.2333,136.7667,84.2,70,75,13.8,AU,1612592323
352,inhambane,-23.865,35.3833,82.4,89,40,4.61,MZ,1612592324
353,kosh-agach,50.0,88.6667,11.82,87,80,1.57,RU,1612592324
354,thinadhoo,0.5333,72.9333,82.04,76,87,15.37,MV,1612592324
355,apomu,7.3333,4.1833,72.59,97,60,1.48,NG,1612592294
356,terrace,54.5163,-128.6035,32.0,100,90,2.77,CA,1612592108
357,mandalgovi,45.7625,106.2708,12.38,81,33,10.71,MN,1612592325
358,abu samrah,35.3029,37.1841,51.94,79,0,3.6,SY,1612592325
359,putina,-15.4667,-69.4333,45.63,72,89,7.2,PE,1612592325
360,airai,-8.9266,125.4092,67.84,90,96,6.42,TL,1612592326
361,nizwa,22.9333,57.5333,71.13,33,0,4.92,OM,1612592326
362,vanavara,60.34,102.2797,3.51,92,100,7.02,RU,1612592327
363,beidao,34.5686,105.8933,37.99,42,22,8.01,CN,1612592327
364,bealanana,-14.55,48.7333,75.0,74,100,1.68,MG,1612592327
365,grindavik,63.8424,-22.4338,33.8,75,40,16.11,IS,1612592327
366,road town,18.4167,-64.6167,77.0,82,4,17.0,VG,1612592327
367,aripuana,-9.1667,-60.6333,73.31,94,100,1.7,BR,1612592327
368,abu dhabi,24.4667,54.3667,71.6,60,0,12.66,AE,1612592120
369,sakaiminato,35.55,133.2333,59.0,51,20,20.71,JP,1612592328
370,balykshi,47.0667,51.8667,30.2,74,75,26.84,KZ,1612592328
371,rapid valley,44.0625,-103.1463,14.0,85,90,13.8,US,1612592328
372,lata,40.1629,-8.3327,51.01,89,100,3.0,PT,1612592224
373,makokou,0.5738,12.8642,70.68,94,10,2.04,GA,1612592329
374,cruz,-2.9178,-40.1717,75.6,87,20,9.73,BR,1612592329
375,craig,40.5153,-107.5464,28.4,69,90,20.71,US,1612592329
376,chara,56.9064,118.2631,-3.19,79,90,1.5,RU,1612592329
377,pacific grove,36.6177,-121.9166,48.99,81,1,3.44,US,1612592060
378,nanortalik,60.1432,-45.2371,19.92,71,0,3.87,GL,1612592330
379,sidi ali,36.0998,0.4206,51.91,90,0,5.39,DZ,1612592330
380,bandarbeyla,9.4942,50.8122,76.77,65,0,7.9,SO,1612592331
381,manjacaze,-24.7117,33.8828,80.31,80,98,8.19,MZ,1612592331
382,bam,29.106,58.357,70.34,18,6,0.36,IR,1612592266
383,khorixas,-20.3667,14.9667,76.95,45,52,2.26,NA,1612592331
384,bubaque,11.2833,-15.8333,76.5,51,98,20.02,GW,1612592331
385,gazli,40.1333,63.45,56.79,36,82,17.85,UZ,1612592331
386,baie-comeau,49.2168,-68.1489,28.4,86,90,6.91,CA,1612592331
387,tamandare,-8.7597,-35.1047,76.53,84,19,5.19,BR,1612592332
388,lagoa,39.05,-27.9833,58.46,84,100,15.26,PT,1612592333
389,americus,32.0724,-84.2327,46.4,87,90,1.05,US,1612592333
390,lakes entrance,-37.8811,147.981,81.0,40,29,3.0,AU,1612592333
391,kita,13.0349,-9.4895,68.5,21,44,4.21,ML,1612592333
392,kadoma,34.7333,135.5833,59.0,47,20,5.75,JP,1612592333
393,ancud,-41.8697,-73.8203,62.01,74,0,0.76,CL,1612592333
394,puerto del rosario,28.5004,-13.8627,57.2,67,40,18.41,ES,1612592334
395,tripoli,32.8752,13.1875,63.37,40,9,7.67,LY,1612592218
396,goba,7.0167,39.9833,62.24,38,35,3.58,ET,1612592334
397,yashalta,46.3395,42.2762,29.84,83,0,15.12,RU,1612592334
398,rovenki,48.0833,39.3776,20.53,85,22,10.4,UA,1612592334
399,penzance,50.1186,-5.5371,39.99,93,20,6.91,GB,1612592335
400,iisalmi,63.5592,27.1907,6.8,85,90,4.61,FI,1612592335
401,mayor pablo lagerenza,-19.9309,-60.7718,67.6,61,29,3.18,PY,1612592336
402,marsa matruh,31.3525,27.2453,60.8,72,75,5.75,EG,1612592334
403,tongchuan,35.0806,109.0897,56.43,30,68,2.73,CN,1612592336
404,setermoen,68.861,18.3486,26.6,80,75,8.05,NO,1612592336
405,cross lanes,38.4204,-81.7907,35.6,55,1,5.75,US,1612592336
406,srikakulam,18.3,83.9,82.49,30,0,5.79,IN,1612592336
407,santarem,-2.4431,-54.7083,75.2,100,0,4.61,BR,1612592336
408,chiang khong,20.2613,100.4046,84.0,99,0,3.56,TH,1612592337
409,pedernales,18.0384,-71.744,75.97,66,1,3.36,DO,1612592208
410,auburndale,28.0653,-81.7887,59.0,88,1,5.35,US,1612592337
411,rolante,-29.6506,-50.5758,62.01,89,45,2.8,BR,1612592337
412,ejido,8.5514,-71.2375,68.9,66,100,0.96,VE,1612592338
413,villarrubia de los ojos,39.2209,-3.608,48.0,100,69,1.01,ES,1612592338
414,sheridan,44.8333,-106.9173,18.0,79,90,9.22,US,1612592338
415,sartana,47.1744,37.6927,25.93,86,53,7.74,UA,1612592338
416,varhaug,58.6147,5.6457,19.0,92,0,2.3,NO,1612592338
417,naze,28.3667,129.4833,71.6,64,75,8.05,JP,1612592339
418,vrbno pod pradedem,50.1209,17.3832,28.0,98,100,6.51,CZ,1612592339
419,singapore,1.2897,103.8501,87.8,55,75,16.11,SG,1612591749
420,husavik,66.0449,-17.3389,33.8,69,90,10.36,IS,1612592339
421,krasnoselkup,65.7,82.4667,-10.52,90,100,14.88,RU,1612592339
422,fortuna,40.5982,-124.1573,50.0,100,90,5.99,US,1612592339
423,bafut,6.0833,10.1,62.46,31,1,2.28,CM,1612592340
424,lebedinyy,58.5167,125.5167,-14.62,84,100,2.93,RU,1612592340
425,neiafu,-18.65,-173.9833,80.6,89,75,6.91,TO,1612592340
426,menongue,-14.6585,17.691,66.2,90,99,3.24,AO,1612592340
427,tocopilla,-22.092,-70.1979,66.16,65,11,2.73,CL,1612592340
428,korhogo,9.45,-5.6333,71.91,50,49,4.05,CI,1612592168
429,acarau,-2.8856,-40.12,77.61,82,39,11.36,BR,1612592323
430,hastings,50.8552,0.5729,44.01,92,8,2.75,GB,1612592341
431,lloret de mar,41.6999,2.8457,55.99,87,90,8.05,ES,1612592341
432,college,64.8569,-147.8028,-11.2,70,75,3.44,US,1612592341
433,sinjai,-5.1241,120.253,86.95,65,100,8.5,ID,1612592342
434,mayskiy,47.6931,40.1025,21.2,73,40,11.18,RU,1612592342
435,ust-maya,60.4167,134.5333,-22.59,83,100,2.08,RU,1612592342
436,nouadhibou,20.931,-17.0347,62.71,74,0,18.25,MR,1612592342
437,vestmanna,62.1564,-7.1664,33.8,69,20,14.97,FO,1612592342
438,halifax,44.6453,-63.5724,39.99,100,100,20.71,CA,1612592313
439,alytus,54.4,24.05,-0.4,78,89,4.68,LT,1612592244
440,pyu,18.4833,96.4333,96.96,23,0,1.39,MM,1612592343
441,ulaanbaatar,47.9077,106.8832,8.6,61,0,6.71,MN,1612592343
442,jodhpur,26.2867,73.03,72.63,22,0,8.1,IN,1612592343
443,verkhnevilyuysk,63.4453,120.3167,-27.8,82,39,1.74,RU,1612592343
444,abalak,58.1286,68.5944,34.92,100,100,10.29,RU,1612592343
445,consolacion del sur,22.5047,-83.5136,68.95,96,11,5.55,CU,1612592344
446,tateyama,34.9833,139.8667,60.8,44,20,12.66,JP,1612592344
447,bombay,19.0144,72.8479,86.0,21,3,6.91,IN,1612592226
448,parnarama,-5.6817,-43.0933,72.7,94,92,2.55,BR,1612592344
449,henderson,36.0397,-114.9819,55.4,22,1,5.75,US,1612592177
450,alcudia,39.8532,3.1214,62.6,77,20,8.05,ES,1612592345
451,xining,36.6167,101.7667,36.55,45,99,4.05,CN,1612592345
452,shumskiy,54.8318,99.1328,17.89,89,98,3.42,RU,1612592345
453,mecca,21.4267,39.8261,65.95,54,4,1.83,SA,1612592269
454,bud,39.447,-86.1758,21.99,76,78,8.48,US,1612592256
455,kidal,18.4411,1.4078,66.4,24,100,13.15,ML,1612592346
456,necochea,-38.5473,-58.7368,71.01,57,0,3.0,AR,1612592346
457,bambous virieux,-20.3428,57.7575,82.4,78,40,9.22,MU,1612592346
458,komsomolskiy,40.4272,71.7189,46.4,49,100,2.08,UZ,1612592299
459,khambhaliya,22.2072,69.6683,80.6,21,0,13.8,IN,1612592347
460,iquitos,-3.7481,-73.2472,73.4,94,90,2.3,PE,1612592347
461,birao,10.2849,22.7882,64.47,29,49,16.15,CF,1612592347
462,pangai,-19.8,-174.35,80.6,94,75,13.4,TO,1612592348
463,kharan,28.5833,65.4167,65.3,20,0,2.51,PK,1612592348
464,khanu woralaksaburi,16.0617,99.8606,93.11,28,0,8.97,TH,1612592348
465,pingliang,35.5392,106.6861,37.99,42,100,8.01,CN,1612592349
466,ferkessedougou,9.6,-5.2,72.27,39,64,3.15,CI,1612592349
467,berlevag,70.8578,29.0864,26.53,90,100,20.0,NO,1612592349
468,anadyr,64.75,177.4833,0.0,85,40,11.18,RU,1612592349
469,xiaoweizhai,26.1903,107.5125,62.85,68,93,5.95,CN,1612592350
470,katsuura,35.1333,140.3,62.01,44,20,12.66,JP,1612592350
471,santa rosa,14.3122,121.1114,86.0,66,75,4.61,PH,1612592350
472,pahrump,36.2083,-115.9839,46.0,35,0,3.4,US,1612592305
473,nabire,-3.3667,135.4833,87.96,56,89,4.65,ID,1612592350
474,saint-pierre,-21.3393,55.4781,86.0,62,0,6.91,RE,1612592351
475,tavrichanka,43.3378,131.8639,26.6,50,92,11.18,RU,1612592351
476,stornoway,58.2093,-6.3865,37.4,75,75,18.41,GB,1612592351
477,benguela,-12.5763,13.4055,76.23,75,60,1.79,AO,1612592351
478,aktash,50.3,87.7333,16.77,94,96,3.58,RU,1612592352
479,springbok,-29.6643,17.8865,73.4,23,0,3.44,ZA,1612592352
480,praia,14.9215,-23.5087,68.0,73,75,20.71,CV,1612592120
481,hualmay,-11.0964,-77.6139,69.53,82,94,6.44,PE,1612592352
482,dire,12.2833,-10.9667,65.68,27,13,0.89,ML,1612592352
483,mwense,-10.3845,28.698,67.95,93,100,3.06,ZM,1612592353
484,bac lieu,9.285,105.7244,85.6,57,68,15.59,VN,1612592353
485,shar,49.5886,81.0453,28.2,95,100,14.38,KZ,1612592353
486,moussoro,13.6408,16.4901,59.59,32,8,13.91,TD,1612592353
487,mitsamiouli,-11.3847,43.2844,84.2,70,20,3.44,KM,1612592354
488,san policarpo,12.1791,125.5072,82.83,75,63,12.24,PH,1612592354
489,lewistown,40.5992,-77.5714,28.4,64,20,4.61,US,1612592354
490,fort morgan,40.2503,-103.8,35.6,48,90,4.74,US,1612592216
491,geraldton,-28.7667,114.6,80.6,57,90,29.93,AU,1612592354
492,luganville,-15.5333,167.1667,81.97,78,75,8.25,VU,1612592354
493,aquiraz,-3.9014,-38.3911,78.8,83,20,6.91,BR,1612592354
494,changji,44.0167,87.3167,15.8,92,90,2.24,CN,1612592355
495,erenhot,43.6475,111.9767,19.24,96,100,5.95,CN,1612592355
496,zaysan,47.4667,84.8667,25.7,94,100,2.46,KZ,1612592355
497,ampanihy,-24.7,44.75,85.35,61,84,5.53,MG,1612592355
498,trairi,-3.2778,-39.2689,79.02,77,53,8.95,BR,1612592355
499,payo,-3.7508,103.6372,87.04,61,90,5.68,ID,1612592356
500,mandera,3.9366,41.867,78.78,61,0,9.24,KE,1612592356
501,tekeli,44.83,78.8239,37.89,73,83,7.18,KZ,1612592356
502,simpang,-1.2667,104.0833,86.81,62,64,8.75,ID,1612592356
503,mayya,61.7333,130.2811,-34.6,67,100,2.24,RU,1612592356
504,montauban,44.0833,1.5,55.99,82,90,14.97,FR,1612592356
505,alta floresta,-9.8756,-56.0861,71.94,98,100,3.22,BR,1612592357
506,ketchikan,55.3422,-131.6461,33.8,100,90,3.44,US,1612592357
507,severo-yeniseyskiy,60.3725,93.0408,7.02,95,100,5.55,RU,1612592357
508,gizo,-8.103,156.8419,84.16,74,53,10.07,SB,1612592357
509,coari,-4.085,-63.1414,74.01,98,100,2.01,BR,1612592357
510,sur,22.5667,59.5289,73.83,36,0,6.6,OM,1612592357
511,weihe,32.9952,105.3247,51.6,45,0,4.99,CN,1612592358
512,martapura,-3.4167,114.85,89.6,66,20,9.22,ID,1612592358
513,arman,59.7,150.1667,1.44,86,94,9.69,RU,1612592275
514,buala,-8.145,159.5921,83.23,78,84,8.93,SB,1612592271
515,tacna,-18.0056,-70.2483,71.6,60,0,3.44,PE,1612592358
516,pierre,44.3683,-100.351,7.0,61,90,12.66,US,1612592358
517,inverell,-29.7833,151.1167,71.01,96,100,1.01,AU,1612592358
518,mangrol,21.1167,70.1167,78.37,29,0,13.22,IN,1612592229
519,dukat,62.55,155.55,-19.26,87,77,3.44,RU,1612592359
520,umm kaddadah,13.6017,26.6876,56.5,38,5,18.12,SD,1612592359
521,riacho de santana,-13.6092,-42.9389,70.14,90,100,2.8,BR,1612592359
522,dillon,34.4166,-79.3712,46.0,87,90,6.02,US,1612592359
523,bobo dioulasso,11.1771,-4.2979,68.0,45,0,1.14,BF,1612592359
524,ouesso,1.6136,16.0517,74.62,73,86,1.9,CG,1612592360
525,strezhevoy,60.7333,77.5889,23.0,93,90,13.42,RU,1612592360
526,huainan,32.6264,116.9969,64.13,35,64,9.28,CN,1612592360
527,hrodna,53.6884,23.8258,6.8,92,75,6.71,BY,1612592360
528,pangnirtung,66.1451,-65.7125,20.43,84,99,3.69,CA,1612592360
529,chimoio,-19.1164,33.4833,74.07,91,100,1.83,MZ,1612592360
530,ilhabela,-23.7781,-45.3581,72.77,80,56,3.36,BR,1612592360
531,tiznit,29.5833,-9.5,50.43,70,100,2.82,MA,1612592361
532,khasan,42.4308,130.6434,29.57,97,100,6.11,RU,1612592361
533,salihorsk,52.7876,27.5415,4.68,94,24,6.51,BY,1612592361
534,santa vitoria do palmar,-33.5189,-53.3681,57.58,93,4,6.67,BR,1612592361
535,celestun,20.8667,-90.4,73.08,77,0,9.93,MX,1612592361
536,olga,43.7444,135.2892,29.84,82,100,8.88,RU,1612592361
537,sabaudia,41.3003,13.0282,59.0,57,0,5.01,IT,1612592361
538,puerto escondido,15.85,-97.0667,78.8,78,40,5.75,MX,1612592362
539,ambovombe,-25.1667,46.0833,86.02,61,100,5.53,MG,1612592362
540,klaksvik,62.2266,-6.589,33.8,69,20,14.97,FO,1612592362
541,sobolevo,54.4299,31.8996,-4.05,92,82,8.1,RU,1612592317
542,karpathos,35.507,27.2132,57.2,88,20,5.75,GR,1612592362
543,visby,57.6409,18.296,17.6,73,40,8.05,SE,1612592362
544,verkhoyansk,67.5447,133.385,-26.05,82,100,2.1,RU,1612592362
545,jiuquan,39.7432,98.5174,37.38,55,93,2.39,CN,1612592362
546,arona,28.0996,-16.681,57.99,71,20,11.5,ES,1612592363
547,victoria,22.2855,114.1577,75.2,46,20,8.05,HK,1612592223
548,ternate,0.8,127.4,83.21,79,100,11.97,ID,1612592363
549,otradnoye,59.7775,30.8181,10.99,79,75,11.18,RU,1612592363
550,rudnyy,52.9594,63.1206,33.8,86,0,22.37,KZ,1612592363
551,manta,-0.95,-80.7333,77.0,83,75,6.08,EC,1612592363
552,hayden,47.766,-116.7866,34.0,80,1,8.05,US,1612592364
